user_sign,candidate_sign,q1,q2,q3,q4,q5,compatibility_label
Sagittarius,Pisces,No,Day,Extroverted,Yes,Flow,0.6
Leo,Gemini,Yes,Night,Extroverted,Yes,Flow,0.65
Gemini,Libra,No,Day,Introverted,No,Flow,0.85
Scorpio,Leo,Yes,Night,Introverted,Yes,Flow,0.65
Libra,Virgo,No,Day,Introverted,Yes,Flow,0.6
Taurus,Aquarius,No,Night,Introverted,Yes,Planner,0.6
Gemini,Leo,Yes,Night,Introverted,No,Planner,0.65
Cancer,Libra,Yes,Day,Extroverted,No,Planner,0.65
Taurus,Gemini,No,Day,Extroverted,Yes,Planner,0.6
Gemini,Taurus,Yes,Night,Introverted,Yes,Flow,0.65
Scorpio,Sagittarius,Yes,Night,Extroverted,No,Flow,0.7000000000000001
Aries,Sagittarius,Yes,Night,Extroverted,No,Planner,1.0
Leo,Capricorn,Yes,Day,Introverted,No,Planner,0.7000000000000001
Scorpio,Leo,No,Night,Introverted,No,Flow,0.6
Taurus,Aquarius,No,Day,Extroverted,Yes,Flow,0.6
Aries,Virgo,Yes,Day,Introverted,Yes,Planner,0.7000000000000001
Pisces,Scorpio,No,Day,Extroverted,No,Flow,0.9
Virgo,Sagittarius,Yes,Night,Introverted,No,Flow,0.65
Virgo,Virgo,No,Night,Extroverted,No,Flow,0.6
Leo,Capricorn,Yes,Night,Introverted,Yes,Planner,0.7000000000000001
Capricorn,Libra,Yes,Day,Introverted,No,Planner,0.65
Libra,Taurus,No,Day,Extroverted,No,Planner,0.65
Libra,Gemini,No,Day,Introverted,No,Flow,0.85
Virgo,Gemini,Yes,Day,Introverted,Yes,Planner,0.65
Capricorn,Cancer,No,Day,Extroverted,No,Planner,0.6
Sagittarius,Aries,No,Night,Extroverted,Yes,Flow,0.9500000000000001
Aquarius,Scorpio,No,Night,Introverted,No,Flow,0.65
Capricorn,Aquarius,Yes,Night,Extroverted,Yes,Flow,0.65
Libra,Pisces,Yes,Night,Introverted,Yes,Flow,0.7000000000000001
Cancer,Aries,Yes,Day,Introverted,Yes,Flow,0.65
Gemini,Taurus,Yes,Night,Extroverted,Yes,Flow,0.65
Leo,Pisces,Yes,Night,Extroverted,Yes,Flow,0.7000000000000001
Cancer,Pisces,No,Night,Introverted,No,Planner,0.93
Scorpio,Taurus,No,Day,Introverted,Yes,Planner,0.9
Cancer,Scorpio,No,Day,Extroverted,Yes,Planner,0.9
Capricorn,Aquarius,Yes,Day,Extroverted,Yes,Flow,0.65
Gemini,Capricorn,No,Night,Introverted,No,Planner,0.65
Taurus,Libra,Yes,Day,Introverted,Yes,Planner,0.65
Pisces,Aries,Yes,Day,Extroverted,No,Planner,0.7000000000000001
Capricorn,Sagittarius,No,Night,Introverted,No,Flow,0.6
Scorpio,Taurus,No,Night,Introverted,Yes,Flow,0.85
Taurus,Pisces,Yes,Day,Extroverted,Yes,Planner,0.65
Aries,Libra,No,Night,Extroverted,No,Flow,0.6
Capricorn,Capricorn,Yes,Day,Introverted,No,Flow,0.65
Aquarius,Sagittarius,No,Night,Extroverted,No,Flow,0.65
Libra,Gemini,No,Night,Extroverted,No,Planner,0.85
Aquarius,Pisces,Yes,Night,Introverted,Yes,Planner,0.7000000000000001
Libra,Libra,No,Night,Introverted,No,Planner,0.6
Cancer,Capricorn,Yes,Night,Introverted,Yes,Flow,0.65
Leo,Sagittarius,No,Night,Introverted,No,Planner,0.9
Taurus,Scorpio,No,Night,Introverted,No,Planner,0.9
Sagittarius,Gemini,No,Day,Introverted,No,Planner,0.6
Leo,Aries,Yes,Day,Extroverted,Yes,Planner,1.0
Sagittarius,Aquarius,No,Night,Introverted,No,Flow,0.6
Capricorn,Leo,No,Night,Extroverted,Yes,Flow,0.65
Scorpio,Aquarius,Yes,Day,Introverted,No,Planner,0.65
Leo,Aries,Yes,Night,Introverted,No,Planner,0.9500000000000001
Pisces,Libra,Yes,Night,Extroverted,Yes,Flow,0.65
Taurus,Aries,No,Day,Extroverted,No,Planner,0.65
Sagittarius,Libra,No,Night,Introverted,Yes,Planner,0.6
Aquarius,Gemini,No,Day,Introverted,No,Planner,0.6
Pisces,Leo,Yes,Day,Extroverted,Yes,Flow,0.7000000000000001
Pisces,Capricorn,Yes,Night,Extroverted,No,Planner,0.7000000000000001
Aquarius,Cancer,No,Night,Extroverted,No,Flow,0.6
Leo,Aries,Yes,Day,Introverted,No,Planner,0.9500000000000001
Leo,Aquarius,No,Night,Introverted,Yes,Planner,0.6
Gemini,Capricorn,No,Night,Extroverted,No,Planner,0.65
Cancer,Taurus,Yes,Day,Extroverted,Yes,Planner,0.7000000000000001
Scorpio,Libra,Yes,Night,Introverted,No,Flow,0.65
Scorpio,Virgo,No,Day,Extroverted,Yes,Flow,0.6
Aquarius,Sagittarius,No,Day,Introverted,Yes,Flow,0.6
Scorpio,Sagittarius,Yes,Day,Introverted,No,Flow,0.65
Aries,Leo,No,Night,Introverted,Yes,Planner,0.9
Gemini,Pisces,Yes,Night,Extroverted,No,Flow,0.7000000000000001
Gemini,Cancer,Yes,Night,Extroverted,No,Flow,0.65
Cancer,Capricorn,Yes,Day,Introverted,No,Planner,0.7000000000000001
Taurus,Gemini,No,Night,Extroverted,Yes,Planner,0.6
Leo,Gemini,Yes,Night,Introverted,No,Planner,0.65
Pisces,Cancer,Yes,Day,Introverted,No,Planner,0.93
Scorpio,Virgo,Yes,Night,Introverted,No,Planner,0.7000000000000001
Libra,Gemini,Yes,Night,Introverted,Yes,Flow,0.9
Pisces,Libra,No,Day,Extroverted,Yes,Planner,0.6
Sagittarius,Capricorn,Yes,Night,Extroverted,No,Flow,0.65
Aquarius,Sagittarius,No,Day,Introverted,Yes,Planner,0.6
Capricorn,Aries,No,Night,Introverted,Yes,Planner,0.6
Aries,Taurus,Yes,Day,Extroverted,Yes,Planner,0.7000000000000001
Virgo,Capricorn,No,Night,Extroverted,Yes,Flow,0.6
Aries,Libra,Yes,Night,Extroverted,No,Planner,0.65
Gemini,Taurus,No,Day,Introverted,Yes,Planner,0.65
Virgo,Gemini,No,Day,Introverted,Yes,Planner,0.6
Sagittarius,Capricorn,No,Night,Introverted,Yes,Flow,0.6
Aries,Pisces,No,Day,Extroverted,Yes,Flow,0.6
Aries,Aries,Yes,Night,Extroverted,Yes,Flow,0.7000000000000001
Sagittarius,Taurus,Yes,Night,Extroverted,No,Flow,0.65
Aquarius,Virgo,Yes,Day,Extroverted,Yes,Planner,0.7000000000000001
Libra,Leo,Yes,Night,Extroverted,No,Planner,0.7000000000000001
Capricorn,Cancer,No,Night,Extroverted,Yes,Flow,0.6
Virgo,Sagittarius,No,Day,Introverted,Yes,Planner,0.6
Cancer,Pisces,Yes,Day,Extroverted,No,Planner,0.93
Taurus,Virgo,Yes,Night,Introverted,No,Planner,0.9500000000000001
Taurus,Scorpio,Yes,Day,Introverted,No,Planner,0.9
Pisces,Aquarius,Yes,Day,Introverted,No,Flow,0.65
Sagittarius,Aquarius,No,Night,Introverted,Yes,Flow,0.6
Taurus,Libra,Yes,Day,Introverted,Yes,Planner,0.65
Scorpio,Taurus,No,Day,Extroverted,Yes,Flow,0.85
Aquarius,Gemini,Yes,Day,Introverted,No,Planner,0.65
Aries,Taurus,Yes,Night,Extroverted,Yes,Flow,0.65
Sagittarius,Pisces,Yes,Night,Extroverted,Yes,Flow,0.7000000000000001
Pisces,Capricorn,No,Day,Introverted,No,Planner,0.65
Sagittarius,Pisces,Yes,Night,Extroverted,No,Flow,0.7000000000000001
Gemini,Taurus,No,Night,Extroverted,No,Planner,0.65
Capricorn,Aquarius,No,Day,Introverted,No,Planner,0.6
Capricorn,Virgo,No,Night,Introverted,Yes,Flow,0.6
Gemini,Aquarius,No,Day,Extroverted,Yes,Flow,0.6
Taurus,Aquarius,Yes,Day,Extroverted,No,Planner,0.65
Capricorn,Capricorn,Yes,Night,Introverted,Yes,Planner,0.7000000000000001
Capricorn,Leo,No,Night,Introverted,Yes,Flow,0.6
Libra,Capricorn,Yes,Day,Introverted,No,Flow,0.65
Virgo,Aries,No,Day,Introverted,Yes,Planner,0.6
Scorpio,Aquarius,No,Day,Introverted,No,Planner,0.6
Virgo,Aries,Yes,Night,Extroverted,Yes,Planner,0.7000000000000001
Libra,Scorpio,Yes,Day,Introverted,Yes,Flow,0.65
Libra,Aquarius,No,Day,Introverted,No,Planner,0.85
Virgo,Virgo,No,Day,Extroverted,Yes,Planner,0.65
Cancer,Libra,Yes,Night,Introverted,No,Flow,0.65
Libra,Scorpio,No,Day,Introverted,No,Planner,0.6
Gemini,Virgo,No,Day,Introverted,Yes,Flow,0.6
Scorpio,Taurus,No,Day,Introverted,Yes,Flow,0.85
Pisces,Capricorn,Yes,Day,Introverted,Yes,Flow,0.65
Pisces,Aries,No,Night,Introverted,Yes,Planner,0.6
Taurus,Scorpio,Yes,Day,Extroverted,No,Flow,0.9
Sagittarius,Aquarius,Yes,Night,Introverted,Yes,Flow,0.65
Gemini,Taurus,No,Day,Introverted,No,Flow,0.6
Scorpio,Sagittarius,No,Day,Introverted,No,Planner,0.6
Pisces,Scorpio,No,Night,Extroverted,Yes,Planner,0.9500000000000001
Pisces,Pisces,Yes,Day,Extroverted,No,Flow,0.65
Cancer,Capricorn,Yes,Day,Introverted,Yes,Flow,0.65
Libra,Scorpio,Yes,Night,Introverted,No,Planner,0.7000000000000001
Taurus,Libra,No,Day,Introverted,No,Planner,0.6
Virgo,Cancer,No,Night,Extroverted,No,Planner,0.6
Libra,Cancer,Yes,Night,Extroverted,Yes,Planner,0.65
Leo,Cancer,No,Night,Introverted,Yes,Flow,0.6
Taurus,Leo,No,Day,Extroverted,No,Planner,0.65
Scorpio,Leo,Yes,Day,Extroverted,Yes,Planner,0.7000000000000001
Capricorn,Sagittarius,Yes,Night,Introverted,Yes,Planner,0.65
Scorpio,Pisces,Yes,Night,Extroverted,No,Planner,1.0
Pisces,Taurus,No,Night,Introverted,No,Flow,0.6
Leo,Capricorn,No,Night,Extroverted,No,Flow,0.6
Cancer,Cancer,Yes,Day,Extroverted,No,Flow,0.65
Aries,Leo,No,Day,Extroverted,No,Flow,0.9500000000000001
Libra,Pisces,No,Night,Extroverted,Yes,Planner,0.65
Sagittarius,Pisces,Yes,Night,Introverted,Yes,Flow,0.7000000000000001
Sagittarius,Capricorn,Yes,Night,Introverted,No,Planner,0.7000000000000001
Pisces,Cancer,Yes,Day,Introverted,No,Flow,0.93
Leo,Aries,Yes,Day,Extroverted,No,Planner,1.0
Sagittarius,Capricorn,No,Day,Introverted,No,Planner,0.65
Aquarius,Aquarius,No,Day,Introverted,Yes,Planner,0.6
Cancer,Libra,No,Day,Extroverted,Yes,Planner,0.6
Scorpio,Taurus,Yes,Night,Introverted,No,Flow,0.9
Pisces,Aquarius,No,Night,Extroverted,Yes,Flow,0.6
Sagittarius,Taurus,Yes,Night,Introverted,No,Planner,0.7000000000000001
Sagittarius,Aries,Yes,Night,Extroverted,Yes,Planner,1.0
Leo,Gemini,Yes,Night,Introverted,No,Planner,0.65
Leo,Scorpio,No,Day,Introverted,No,Flow,0.6
Cancer,Pisces,Yes,Day,Introverted,No,Planner,0.93
Scorpio,Aquarius,No,Day,Extroverted,No,Planner,0.6
Capricorn,Pisces,No,Night,Introverted,Yes,Flow,0.65
Scorpio,Capricorn,Yes,Day,Introverted,Yes,Planner,0.7000000000000001
Sagittarius,Leo,Yes,Day,Extroverted,No,Flow,1.0
Aries,Libra,No,Day,Extroverted,No,Planner,0.6
Scorpio,Virgo,No,Night,Introverted,Yes,Flow,0.6
Cancer,Leo,No,Day,Extroverted,No,Flow,0.65
Virgo,Leo,No,Day,Extroverted,No,Flow,0.65
Gemini,Virgo,No,Day,Introverted,No,Flow,0.6
Aries,Pisces,No,Night,Introverted,No,Flow,0.65
Virgo,Cancer,Yes,Night,Introverted,Yes,Flow,0.65
Sagittarius,Pisces,No,Day,Introverted,Yes,Planner,0.6
Scorpio,Libra,Yes,Night,Extroverted,Yes,Planner,0.65
Pisces,Gemini,No,Night,Extroverted,No,Planner,0.6
Aries,Gemini,Yes,Night,Introverted,No,Flow,0.65
Sagittarius,Cancer,No,Night,Introverted,No,Flow,0.6
Pisces,Pisces,Yes,Night,Introverted,Yes,Planner,0.7000000000000001
Aries,Capricorn,No,Day,Extroverted,Yes,Flow,0.6
Sagittarius,Scorpio,No,Night,Introverted,Yes,Flow,0.65
Virgo,Pisces,Yes,Day,Extroverted,No,Planner,0.65
Capricorn,Libra,No,Day,Extroverted,No,Flow,0.6
Virgo,Libra,Yes,Day,Introverted,Yes,Planner,0.65
Gemini,Gemini,Yes,Day,Extroverted,Yes,Flow,0.65
Virgo,Sagittarius,No,Day,Extroverted,Yes,Planner,0.65
Scorpio,Libra,No,Day,Extroverted,Yes,Planner,0.6
Gemini,Sagittarius,Yes,Night,Introverted,Yes,Planner,0.65
Cancer,Taurus,Yes,Night,Introverted,No,Flow,0.65
Scorpio,Scorpio,No,Night,Extroverted,Yes,Flow,0.65
Scorpio,Scorpio,Yes,Day,Extroverted,No,Planner,0.65
Taurus,Aries,Yes,Night,Extroverted,Yes,Planner,0.7000000000000001
Pisces,Leo,Yes,Day,Extroverted,Yes,Planner,0.7000000000000001
Capricorn,Sagittarius,Yes,Night,Extroverted,Yes,Flow,0.7000000000000001
Capricorn,Aries,No,Night,Extroverted,Yes,Planner,0.65
Aquarius,Leo,No,Night,Extroverted,Yes,Flow,0.65
Virgo,Pisces,Yes,Day,Introverted,Yes,Flow,0.65
Capricorn,Aquarius,Yes,Night,Introverted,No,Planner,0.65
Libra,Cancer,No,Night,Extroverted,No,Planner,0.6
Pisces,Libra,No,Day,Extroverted,No,Planner,0.6
Scorpio,Scorpio,Yes,Day,Introverted,Yes,Flow,0.65
Sagittarius,Gemini,Yes,Night,Extroverted,Yes,Flow,0.65
Pisces,Aquarius,No,Night,Extroverted,No,Flow,0.6
Sagittarius,Gemini,No,Night,Introverted,Yes,Flow,0.6
Virgo,Aquarius,Yes,Night,Extroverted,No,Flow,0.65
Virgo,Aquarius,No,Night,Introverted,No,Planner,0.6
Virgo,Aries,Yes,Day,Extroverted,No,Planner,0.7000000000000001
Aries,Aquarius,No,Night,Extroverted,Yes,Flow,0.6
Cancer,Taurus,No,Day,Introverted,No,Planner,0.65
Sagittarius,Virgo,Yes,Day,Extroverted,Yes,Planner,0.7000000000000001
Virgo,Sagittarius,No,Night,Extroverted,Yes,Flow,0.65
Leo,Sagittarius,No,Night,Introverted,No,Planner,0.9
Leo,Gemini,No,Night,Extroverted,No,Flow,0.6
Virgo,Sagittarius,No,Day,Introverted,Yes,Flow,0.6
Capricorn,Aries,Yes,Day,Introverted,Yes,Flow,0.65
Aquarius,Scorpio,No,Night,Extroverted,Yes,Flow,0.65
Gemini,Aries,Yes,Night,Introverted,Yes,Planner,0.65
Capricorn,Virgo,Yes,Night,Introverted,Yes,Planner,0.7000000000000001
Capricorn,Aries,Yes,Night,Extroverted,Yes,Flow,0.7000000000000001
Pisces,Scorpio,Yes,Day,Introverted,No,Flow,0.9500000000000001
Leo,Sagittarius,Yes,Night,Extroverted,No,Planner,1.0
Sagittarius,Leo,No,Day,Extroverted,Yes,Planner,0.9500000000000001
Scorpio,Pisces,Yes,Night,Introverted,No,Flow,1.0
Virgo,Sagittarius,Yes,Day,Introverted,No,Flow,0.65
Aries,Virgo,Yes,Day,Introverted,Yes,Planner,0.7000000000000001
Taurus,Pisces,Yes,Night,Introverted,No,Planner,0.7000000000000001
Cancer,Cancer,No,Day,Extroverted,No,Planner,0.6
Leo,Taurus,No,Night,Introverted,No,Flow,0.6
Virgo,Aries,Yes,Day,Extroverted,No,Planner,0.7000000000000001
Virgo,Gemini,No,Day,Extroverted,Yes,Flow,0.6
Libra,Cancer,Yes,Day,Introverted,Yes,Flow,0.65
Aries,Libra,Yes,Night,Introverted,No,Flow,0.65
Aries,Aries,Yes,Night,Extroverted,No,Flow,0.7000000000000001
Libra,Pisces,No,Night,Introverted,No,Planner,0.65
Virgo,Scorpio,Yes,Day,Introverted,Yes,Planner,0.65
Sagittarius,Taurus,Yes,Day,Introverted,Yes,Planner,0.7000000000000001
Virgo,Sagittarius,Yes,Day,Extroverted,Yes,Planner,0.7000000000000001
Taurus,Virgo,Yes,Night,Extroverted,Yes,Flow,0.9
Virgo,Scorpio,Yes,Night,Extroverted,Yes,Planner,0.7000000000000001
Aquarius,Libra,Yes,Night,Extroverted,Yes,Flow,0.9
Libra,Aries,No,Day,Extroverted,No,Flow,0.65
Leo,Leo,Yes,Night,Extroverted,Yes,Flow,0.7000000000000001
Sagittarius,Capricorn,No,Night,Extroverted,Yes,Planner,0.65
Capricorn,Libra,Yes,Night,Introverted,No,Flow,0.65
Pisces,Capricorn,No,Night,Introverted,Yes,Planner,0.65
Sagittarius,Leo,No,Night,Extroverted,No,Planner,0.9500000000000001
Cancer,Gemini,No,Night,Introverted,Yes,Flow,0.6
Scorpio,Taurus,Yes,Night,Extroverted,No,Planner,0.9500000000000001
Cancer,Virgo,Yes,Day,Extroverted,Yes,Flow,0.65
Aquarius,Aquarius,No,Night,Extroverted,Yes,Flow,0.6
Pisces,Aquarius,Yes,Day,Introverted,No,Planner,0.65
Leo,Cancer,Yes,Night,Extroverted,Yes,Flow,0.65
Aquarius,Pisces,Yes,Night,Extroverted,Yes,Planner,0.7000000000000001
Taurus,Virgo,Yes,Day,Extroverted,No,Planner,0.9500000000000001
Gemini,Aries,No,Night,Introverted,No,Flow,0.6
Pisces,Cancer,Yes,Night,Introverted,Yes,Planner,0.93
Taurus,Libra,No,Day,Introverted,No,Flow,0.6
Virgo,Scorpio,Yes,Day,Extroverted,No,Planner,0.65
Pisces,Sagittarius,No,Day,Introverted,No,Planner,0.6
Cancer,Virgo,No,Day,Introverted,No,Flow,0.6
Libra,Leo,No,Night,Introverted,No,Flow,0.6
Virgo,Cancer,No,Day,Extroverted,No,Planner,0.6
Cancer,Sagittarius,No,Day,Introverted,No,Flow,0.6
Capricorn,Gemini,Yes,Night,Extroverted,No,Flow,0.65
Aries,Pisces,Yes,Night,Extroverted,No,Planner,0.7000000000000001
Gemini,Libra,Yes,Day,Introverted,Yes,Flow,0.9
Virgo,Aries,Yes,Night,Introverted,Yes,Flow,0.65
Pisces,Aries,No,Day,Introverted,Yes,Planner,0.6
Cancer,Leo,Yes,Day,Extroverted,No,Planner,0.7000000000000001
Libra,Aries,No,Night,Introverted,No,Flow,0.6
Aries,Pisces,No,Day,Extroverted,Yes,Flow,0.6
Taurus,Leo,Yes,Night,Introverted,Yes,Planner,0.65
Pisces,Scorpio,Yes,Day,Extroverted,Yes,Planner,0.9500000000000001
Gemini,Cancer,Yes,Night,Extroverted,Yes,Planner,0.65
Libra,Taurus,No,Night,Extroverted,No,Planner,0.65
Aries,Virgo,No,Day,Extroverted,Yes,Flow,0.6
Scorpio,Sagittarius,Yes,Night,Introverted,Yes,Planner,0.65
Gemini,Capricorn,Yes,Night,Introverted,No,Planner,0.7000000000000001
Aquarius,Cancer,No,Day,Introverted,No,Flow,0.6
Capricorn,Aquarius,Yes,Day,Introverted,No,Planner,0.65
Scorpio,Pisces,No,Night,Introverted,No,Flow,0.9500000000000001
Leo,Pisces,Yes,Day,Extroverted,No,Flow,0.65
Taurus,Scorpio,No,Night,Introverted,No,Planner,0.9
Taurus,Pisces,Yes,Night,Extroverted,Yes,Planner,0.7000000000000001
Libra,Capricorn,No,Day,Extroverted,No,Flow,0.6
Gemini,Taurus,Yes,Day,Introverted,Yes,Flow,0.65
Scorpio,Taurus,No,Night,Introverted,Yes,Planner,0.9
Sagittarius,Gemini,Yes,Night,Extroverted,No,Flow,0.65
Virgo,Gemini,No,Night,Introverted,No,Flow,0.6
Gemini,Leo,No,Day,Extroverted,No,Flow,0.65
Pisces,Scorpio,Yes,Night,Extroverted,No,Planner,1.0
Cancer,Aquarius,Yes,Night,Extroverted,No,Flow,0.65
Sagittarius,Cancer,Yes,Night,Introverted,No,Flow,0.65
Aquarius,Taurus,No,Day,Introverted,No,Planner,0.65
Aries,Aries,Yes,Night,Extroverted,Yes,Flow,0.7000000000000001
Scorpio,Scorpio,Yes,Day,Extroverted,Yes,Planner,0.65
Libra,Gemini,Yes,Night,Extroverted,No,Planner,0.9
Sagittarius,Capricorn,No,Night,Introverted,Yes,Flow,0.6
Aries,Virgo,Yes,Night,Extroverted,No,Flow,0.65
Aries,Leo,No,Night,Extroverted,Yes,Planner,0.9500000000000001
Aries,Sagittarius,No,Night,Extroverted,Yes,Planner,0.9500000000000001
Taurus,Scorpio,No,Day,Extroverted,Yes,Planner,0.85
Taurus,Taurus,Yes,Night,Extroverted,Yes,Flow,0.65
Pisces,Capricorn,No,Night,Introverted,Yes,Flow,0.6
Scorpio,Capricorn,No,Night,Extroverted,No,Planner,0.65
Leo,Pisces,No,Day,Extroverted,No,Flow,0.6
Scorpio,Cancer,No,Night,Extroverted,No,Planner,0.9
Libra,Scorpio,Yes,Day,Extroverted,Yes,Planner,0.65
Cancer,Pisces,No,Night,Extroverted,No,Planner,0.93
Cancer,Libra,No,Day,Extroverted,Yes,Planner,0.6
Libra,Pisces,Yes,Night,Extroverted,Yes,Planner,0.7000000000000001
Aries,Virgo,No,Night,Introverted,No,Planner,0.65
Taurus,Pisces,Yes,Night,Extroverted,No,Planner,0.7000000000000001
Cancer,Virgo,No,Day,Extroverted,No,Planner,0.65
Taurus,Gemini,Yes,Night,Introverted,No,Flow,0.65
Pisces,Aries,No,Night,Extroverted,Yes,Flow,0.65
Leo,Sagittarius,No,Day,Extroverted,Yes,Flow,0.9500000000000001
Scorpio,Aries,No,Day,Extroverted,No,Planner,0.65
Scorpio,Scorpio,Yes,Night,Introverted,Yes,Planner,0.7000000000000001
Pisces,Cancer,Yes,Night,Introverted,Yes,Planner,0.93
Taurus,Scorpio,Yes,Night,Introverted,No,Flow,0.9500000000000001
Pisces,Sagittarius,No,Day,Introverted,No,Planner,0.6
Gemini,Taurus,No,Day,Extroverted,No,Flow,0.6
Pisces,Taurus,No,Night,Introverted,Yes,Flow,0.6
Cancer,Virgo,Yes,Day,Extroverted,Yes,Flow,0.65
Gemini,Aries,No,Night,Extroverted,Yes,Flow,0.65
Gemini,Libra,No,Day,Extroverted,Yes,Flow,0.85
Aquarius,Capricorn,No,Day,Introverted,No,Flow,0.6
Gemini,Cancer,No,Night,Extroverted,No,Planner,0.6
Gemini,Aries,Yes,Night,Extroverted,Yes,Flow,0.7000000000000001
Aries,Capricorn,Yes,Day,Extroverted,Yes,Flow,0.65
Cancer,Gemini,Yes,Night,Introverted,No,Flow,0.65
Taurus,Virgo,No,Day,Introverted,No,Flow,0.85
Leo,Leo,No,Night,Extroverted,No,Flow,0.65
Libra,Cancer,No,Night,Introverted,Yes,Planner,0.6
Leo,Leo,Yes,Night,Introverted,No,Flow,0.65
Taurus,Leo,Yes,Night,Introverted,No,Flow,0.65
Virgo,Pisces,Yes,Day,Introverted,Yes,Flow,0.65
Pisces,Aquarius,No,Night,Extroverted,Yes,Planner,0.6
Virgo,Libra,Yes,Day,Extroverted,No,Planner,0.65
Virgo,Aquarius,No,Day,Extroverted,Yes,Planner,0.6
Sagittarius,Gemini,Yes,Day,Introverted,No,Planner,0.65
Aries,Libra,Yes,Night,Extroverted,Yes,Planner,0.65
Gemini,Aries,Yes,Night,Extroverted,No,Planner,0.7000000000000001
Leo,Aries,No,Day,Extroverted,No,Flow,0.9500000000000001
Cancer,Leo,No,Day,Extroverted,Yes,Planner,0.65
Sagittarius,Libra,No,Night,Extroverted,Yes,Planner,0.6
Cancer,Libra,Yes,Night,Introverted,No,Planner,0.65
Aquarius,Virgo,Yes,Day,Introverted,Yes,Planner,0.7000000000000001
Cancer,Aries,No,Night,Extroverted,No,Planner,0.65
Libra,Pisces,No,Day,Extroverted,No,Planner,0.6
Gemini,Leo,Yes,Night,Extroverted,Yes,Planner,0.7000000000000001
Aries,Scorpio,Yes,Day,Introverted,Yes,Flow,0.65
Aries,Virgo,No,Night,Introverted,No,Flow,0.6
Cancer,Aries,No,Day,Introverted,No,Flow,0.6
Sagittarius,Pisces,Yes,Night,Introverted,No,Planner,0.7000000000000001
Aquarius,Pisces,No,Night,Extroverted,Yes,Flow,0.65
Capricorn,Aries,Yes,Day,Introverted,Yes,Flow,0.65
Libra,Scorpio,No,Night,Introverted,Yes,Flow,0.65
Aquarius,Pisces,Yes,Day,Introverted,No,Planner,0.65
Scorpio,Aquarius,Yes,Night,Extroverted,Yes,Planner,0.65
Taurus,Gemini,Yes,Night,Introverted,No,Planner,0.65
Scorpio,Aries,No,Night,Introverted,Yes,Flow,0.6
Leo,Libra,No,Day,Introverted,Yes,Planner,0.6
Cancer,Scorpio,No,Day,Extroverted,No,Flow,0.9
Virgo,Scorpio,Yes,Day,Extroverted,Yes,Flow,0.65
Aries,Pisces,Yes,Night,Extroverted,No,Flow,0.7000000000000001
Pisces,Gemini,No,Night,Introverted,Yes,Planner,0.6
Gemini,Virgo,Yes,Day,Extroverted,No,Flow,0.65
Scorpio,Virgo,Yes,Day,Extroverted,No,Planner,0.7000000000000001
Taurus,Leo,No,Night,Introverted,Yes,Flow,0.6
Gemini,Taurus,No,Night,Extroverted,Yes,Flow,0.6
Taurus,Libra,No,Day,Extroverted,No,Planner,0.6
Aries,Pisces,Yes,Day,Extroverted,No,Planner,0.65
Capricorn,Aries,No,Night,Introverted,No,Planner,0.6
Aquarius,Sagittarius,Yes,Day,Introverted,Yes,Flow,0.65
Aries,Taurus,No,Night,Extroverted,Yes,Flow,0.6
Taurus,Libra,No,Day,Introverted,No,Flow,0.6
Cancer,Cancer,Yes,Night,Extroverted,Yes,Flow,0.65
Capricorn,Libra,No,Night,Extroverted,Yes,Flow,0.6
Taurus,Pisces,No,Day,Introverted,No,Flow,0.6
Sagittarius,Pisces,Yes,Night,Extroverted,Yes,Planner,0.7000000000000001
Sagittarius,Aquarius,Yes,Night,Extroverted,Yes,Planner,0.65
Taurus,Cancer,Yes,Night,Extroverted,No,Planner,0.65
Virgo,Cancer,Yes,Night,Extroverted,Yes,Planner,0.65
Pisces,Cancer,No,Night,Introverted,No,Flow,0.88
Virgo,Aquarius,No,Night,Introverted,No,Flow,0.6
Capricorn,Taurus,Yes,Night,Introverted,Yes,Planner,0.9500000000000001
Leo,Sagittarius,Yes,Day,Introverted,Yes,Planner,0.9500000000000001
Aries,Virgo,No,Night,Introverted,Yes,Flow,0.6
Gemini,Scorpio,Yes,Day,Extroverted,No,Planner,0.65
Libra,Leo,Yes,Night,Extroverted,Yes,Planner,0.7000000000000001
Aries,Aquarius,Yes,Day,Introverted,Yes,Planner,0.65
Aquarius,Cancer,No,Night,Introverted,Yes,Planner,0.6
Gemini,Aquarius,Yes,Day,Introverted,No,Planner,0.65
Leo,Gemini,Yes,Day,Introverted,Yes,Planner,0.65
Aries,Pisces,Yes,Day,Extroverted,Yes,Flow,0.65
Pisces,Scorpio,Yes,Night,Introverted,No,Planner,1.0
Capricorn,Aquarius,Yes,Day,Extroverted,No,Planner,0.65
Taurus,Capricorn,No,Day,Extroverted,Yes,Planner,0.9
Scorpio,Aquarius,Yes,Day,Extroverted,Yes,Flow,0.65
Aries,Aries,Yes,Night,Introverted,Yes,Planner,0.65
Leo,Pisces,No,Night,Extroverted,Yes,Planner,0.65
Scorpio,Taurus,No,Night,Introverted,Yes,Planner,0.9
Libra,Gemini,No,Night,Extroverted,No,Flow,0.85
Virgo,Libra,No,Day,Extroverted,Yes,Flow,0.6
Gemini,Libra,No,Night,Introverted,Yes,Flow,0.85
Virgo,Libra,No,Day,Introverted,Yes,Planner,0.6
Gemini,Scorpio,No,Night,Introverted,Yes,Flow,0.65
Leo,Sagittarius,Yes,Night,Extroverted,Yes,Flow,1.0
Scorpio,Aries,No,Day,Extroverted,Yes,Flow,0.65
Aries,Pisces,No,Night,Introverted,Yes,Planner,0.65
Aquarius,Taurus,Yes,Day,Introverted,No,Flow,0.65
Scorpio,Aries,Yes,Day,Introverted,Yes,Flow,0.65
Taurus,Pisces,Yes,Night,Introverted,No,Flow,0.7000000000000001
Virgo,Aquarius,No,Day,Extroverted,Yes,Planner,0.6
Cancer,Libra,No,Night,Introverted,No,Planner,0.6
Pisces,Pisces,No,Night,Introverted,No,Planner,0.65
Pisces,Libra,No,Night,Extroverted,No,Planner,0.6
Libra,Gemini,Yes,Day,Extroverted,No,Planner,0.9
Cancer,Aquarius,No,Night,Introverted,No,Planner,0.6
Gemini,Gemini,Yes,Day,Introverted,No,Planner,0.65
Libra,Pisces,Yes,Night,Introverted,No,Flow,0.7000000000000001
Pisces,Gemini,Yes,Day,Introverted,No,Flow,0.65
Capricorn,Aquarius,Yes,Day,Extroverted,Yes,Planner,0.65
Taurus,Taurus,No,Day,Introverted,No,Flow,0.6
Taurus,Gemini,Yes,Night,Introverted,No,Flow,0.65
Leo,Cancer,Yes,Night,Extroverted,No,Planner,0.65
Capricorn,Capricorn,Yes,Night,Extroverted,Yes,Planner,0.7000000000000001
Sagittarius,Capricorn,No,Day,Introverted,Yes,Flow,0.6
Gemini,Taurus,Yes,Night,Extroverted,Yes,Flow,0.65
Cancer,Pisces,No,Night,Extroverted,Yes,Planner,0.93
Leo,Scorpio,No,Day,Introverted,Yes,Planner,0.6
Leo,Libra,No,Day,Extroverted,No,Planner,0.6
Taurus,Aquarius,No,Night,Introverted,No,Flow,0.6
Taurus,Libra,Yes,Day,Extroverted,Yes,Planner,0.65
Gemini,Pisces,No,Day,Extroverted,Yes,Planner,0.6
Scorpio,Aries,No,Day,Introverted,No,Flow,0.6
Taurus,Capricorn,No,Night,Introverted,Yes,Flow,0.85
Sagittarius,Aquarius,No,Night,Introverted,No,Planner,0.6
Scorpio,Aquarius,Yes,Night,Introverted,No,Flow,0.65
Aquarius,Aries,No,Night,Introverted,No,Flow,0.6
Aries,Pisces,No,Day,Extroverted,Yes,Flow,0.6
Taurus,Pisces,Yes,Night,Introverted,No,Flow,0.7000000000000001
Virgo,Cancer,No,Night,Introverted,Yes,Planner,0.6
Gemini,Scorpio,No,Day,Introverted,No,Planner,0.6
Leo,Leo,No,Night,Introverted,No,Planner,0.6
Leo,Pisces,Yes,Night,Extroverted,Yes,Flow,0.7000000000000001
Leo,Sagittarius,Yes,Day,Extroverted,Yes,Flow,1.0
Taurus,Aries,No,Day,Introverted,Yes,Flow,0.6
Capricorn,Pisces,No,Night,Extroverted,No,Flow,0.65
Libra,Libra,No,Night,Extroverted,No,Flow,0.6
Scorpio,Gemini,Yes,Night,Extroverted,No,Flow,0.65
Aries,Capricorn,No,Day,Introverted,Yes,Planner,0.65
Capricorn,Taurus,Yes,Night,Extroverted,No,Planner,0.9500000000000001
Cancer,Leo,Yes,Day,Extroverted,No,Flow,0.7000000000000001
Libra,Cancer,Yes,Day,Extroverted,No,Planner,0.65
Pisces,Scorpio,Yes,Day,Introverted,Yes,Flow,0.9500000000000001
Virgo,Aquarius,Yes,Day,Extroverted,No,Planner,0.65
Scorpio,Libra,Yes,Night,Introverted,No,Planner,0.65
Libra,Taurus,Yes,Night,Introverted,No,Planner,0.7000000000000001
Virgo,Virgo,No,Day,Extroverted,Yes,Flow,0.6
Leo,Cancer,Yes,Day,Extroverted,No,Flow,0.65
Cancer,Scorpio,Yes,Night,Extroverted,Yes,Flow,1.0
Cancer,Capricorn,Yes,Night,Extroverted,Yes,Flow,0.65
Gemini,Virgo,Yes,Day,Introverted,Yes,Flow,0.65
Sagittarius,Pisces,No,Day,Extroverted,Yes,Planner,0.6
Taurus,Gemini,Yes,Day,Extroverted,Yes,Planner,0.65
Aquarius,Pisces,Yes,Night,Extroverted,Yes,Planner,0.7000000000000001
Taurus,Virgo,No,Day,Extroverted,No,Flow,0.85
Aries,Sagittarius,Yes,Night,Extroverted,No,Flow,1.0
Pisces,Gemini,No,Night,Extroverted,Yes,Planner,0.6
Pisces,Pisces,No,Day,Extroverted,No,Flow,0.6
Cancer,Pisces,No,Day,Introverted,No,Planner,0.88
Aries,Aries,No,Night,Introverted,Yes,Planner,0.6
Capricorn,Sagittarius,Yes,Day,Extroverted,Yes,Planner,0.7000000000000001
Virgo,Cancer,No,Day,Introverted,No,Planner,0.6
Capricorn,Scorpio,No,Day,Extroverted,No,Planner,0.6
Gemini,Leo,No,Night,Introverted,No,Flow,0.6
Capricorn,Taurus,Yes,Day,Extroverted,No,Flow,0.9
Capricorn,Aries,Yes,Night,Extroverted,No,Planner,0.7000000000000001
Virgo,Virgo,No,Day,Introverted,No,Planner,0.65
Pisces,Capricorn,Yes,Day,Introverted,Yes,Flow,0.65
Pisces,Sagittarius,No,Day,Extroverted,No,Flow,0.65
Pisces,Aquarius,Yes,Night,Introverted,No,Flow,0.65
Capricorn,Aquarius,Yes,Day,Introverted,No,Flow,0.65
Leo,Aries,No,Day,Introverted,Yes,Flow,0.9
Capricorn,Sagittarius,No,Day,Extroverted,Yes,Flow,0.65
Libra,Aquarius,Yes,Night,Extroverted,Yes,Planner,0.9
Capricorn,Sagittarius,No,Day,Extroverted,No,Planner,0.65
Virgo,Aquarius,No,Night,Extroverted,Yes,Planner,0.6
Cancer,Taurus,Yes,Day,Extroverted,Yes,Planner,0.7000000000000001
Sagittarius,Pisces,No,Night,Introverted,No,Flow,0.65
Taurus,Scorpio,No,Day,Extroverted,No,Flow,0.85
Taurus,Libra,Yes,Day,Extroverted,No,Planner,0.65
Scorpio,Sagittarius,Yes,Night,Extroverted,Yes,Flow,0.7000000000000001
Capricorn,Virgo,Yes,Day,Introverted,No,Flow,0.65
Cancer,Pisces,Yes,Night,Extroverted,No,Flow,0.9800000000000001
Capricorn,Aries,Yes,Night,Introverted,Yes,Planner,0.65
Gemini,Sagittarius,No,Night,Introverted,Yes,Flow,0.6
Scorpio,Taurus,No,Day,Introverted,No,Planner,0.9
Gemini,Taurus,No,Night,Extroverted,Yes,Planner,0.65
Aries,Virgo,No,Night,Introverted,No,Flow,0.6
Leo,Aquarius,Yes,Night,Extroverted,No,Flow,0.65
Aquarius,Sagittarius,Yes,Night,Introverted,No,Planner,0.65
Aquarius,Sagittarius,Yes,Night,Introverted,Yes,Flow,0.65
Sagittarius,Virgo,No,Night,Introverted,No,Flow,0.6
Aquarius,Aquarius,No,Night,Introverted,Yes,Planner,0.6
Scorpio,Leo,No,Night,Introverted,Yes,Flow,0.6
Gemini,Aquarius,Yes,Day,Extroverted,No,Planner,0.65
Gemini,Cancer,No,Day,Introverted,Yes,Flow,0.6
Sagittarius,Sagittarius,Yes,Day,Introverted,Yes,Flow,0.65
Sagittarius,Gemini,Yes,Day,Extroverted,Yes,Flow,0.65
Capricorn,Aquarius,Yes,Night,Extroverted,No,Flow,0.65
Aries,Pisces,Yes,Night,Extroverted,No,Flow,0.7000000000000001
Cancer,Taurus,Yes,Night,Extroverted,No,Flow,0.65
Cancer,Cancer,No,Day,Introverted,Yes,Planner,0.6
Capricorn,Aries,Yes,Day,Introverted,Yes,Flow,0.65
Scorpio,Capricorn,Yes,Day,Extroverted,No,Planner,0.7000000000000001
Virgo,Virgo,Yes,Day,Introverted,Yes,Planner,0.7000000000000001
Capricorn,Gemini,No,Day,Introverted,Yes,Planner,0.6
Gemini,Gemini,No,Day,Extroverted,Yes,Flow,0.6
Cancer,Sagittarius,No,Night,Introverted,No,Flow,0.6
Scorpio,Virgo,No,Day,Introverted,Yes,Flow,0.6
Pisces,Leo,Yes,Day,Extroverted,Yes,Planner,0.7000000000000001
Aries,Cancer,No,Day,Introverted,Yes,Planner,0.6
Aquarius,Libra,No,Night,Extroverted,Yes,Flow,0.85
Sagittarius,Pisces,Yes,Night,Introverted,Yes,Planner,0.7000000000000001
Pisces,Virgo,No,Night,Introverted,Yes,Flow,0.6
Aquarius,Aquarius,No,Night,Introverted,Yes,Flow,0.6
Scorpio,Virgo,Yes,Day,Extroverted,Yes,Planner,0.7000000000000001
Pisces,Scorpio,Yes,Day,Introverted,No,Flow,0.9500000000000001
Scorpio,Leo,No,Day,Introverted,Yes,Flow,0.6
Pisces,Capricorn,Yes,Day,Introverted,No,Flow,0.65
Libra,Scorpio,No,Day,Introverted,No,Flow,0.6
Gemini,Capricorn,Yes,Day,Introverted,Yes,Planner,0.7000000000000001
Pisces,Libra,No,Day,Introverted,Yes,Flow,0.6
Aries,Scorpio,No,Day,Introverted,No,Planner,0.6
Sagittarius,Libra,No,Day,Introverted,Yes,Planner,0.6
Scorpio,Leo,Yes,Day,Introverted,No,Planner,0.65
Pisces,Aries,No,Night,Introverted,Yes,Flow,0.6
Libra,Scorpio,Yes,Night,Introverted,No,Planner,0.7000000000000001
Scorpio,Leo,Yes,Night,Extroverted,Yes,Flow,0.7000000000000001
Sagittarius,Pisces,Yes,Night,Introverted,Yes,Flow,0.7000000000000001
Libra,Capricorn,No,Day,Introverted,Yes,Flow,0.6
Aquarius,Virgo,No,Night,Extroverted,Yes,Planner,0.65
Libra,Aquarius,Yes,Day,Extroverted,No,Planner,0.9
Leo,Gemini,No,Night,Introverted,Yes,Planner,0.6
Libra,Virgo,Yes,Night,Extroverted,Yes,Flow,0.65
Leo,Taurus,Yes,Night,Extroverted,No,Flow,0.65
Leo,Taurus,Yes,Day,Introverted,No,Flow,0.65
Aquarius,Gemini,No,Night,Extroverted,No,Planner,0.6
Sagittarius,Aquarius,No,Night,Introverted,Yes,Planner,0.6
Gemini,Pisces,No,Day,Extroverted,Yes,Planner,0.6
Scorpio,Aquarius,Yes,Night,Extroverted,Yes,Flow,0.65
Libra,Gemini,Yes,Night,Extroverted,No,Planner,0.9
Aries,Sagittarius,Yes,Night,Introverted,No,Planner,0.9500000000000001
Taurus,Leo,Yes,Day,Introverted,No,Flow,0.65
Aquarius,Aries,No,Night,Introverted,No,Flow,0.6
Cancer,Taurus,Yes,Day,Introverted,Yes,Flow,0.65
Aries,Cancer,Yes,Night,Introverted,Yes,Planner,0.65
Libra,Capricorn,No,Day,Introverted,No,Flow,0.6
Scorpio,Pisces,No,Day,Introverted,No,Planner,0.9
Cancer,Cancer,Yes,Day,Introverted,Yes,Planner,0.65
Virgo,Capricorn,Yes,Night,Introverted,No,Planner,0.7000000000000001
Aries,Capricorn,Yes,Night,Introverted,Yes,Planner,0.7000000000000001
Scorpio,Virgo,No,Night,Extroverted,No,Flow,0.6
Scorpio,Aries,No,Day,Introverted,No,Flow,0.6
Aquarius,Virgo,Yes,Night,Extroverted,Yes,Flow,0.65
Leo,Leo,Yes,Night,Extroverted,Yes,Flow,0.7000000000000001
Scorpio,Aquarius,Yes,Night,Extroverted,No,Planner,0.65
Capricorn,Scorpio,Yes,Night,Extroverted,No,Planner,0.7000000000000001
Aquarius,Sagittarius,Yes,Day,Extroverted,No,Flow,0.7000000000000001
Sagittarius,Taurus,No,Night,Introverted,Yes,Flow,0.6
Libra,Virgo,Yes,Day,Extroverted,No,Flow,0.65
Taurus,Libra,Yes,Night,Extroverted,Yes,Flow,0.65
Cancer,Sagittarius,No,Night,Introverted,No,Flow,0.6
Capricorn,Libra,Yes,Day,Extroverted,Yes,Planner,0.65
Leo,Capricorn,No,Day,Extroverted,No,Planner,0.65
Virgo,Pisces,No,Day,Extroverted,Yes,Planner,0.6
Aquarius,Sagittarius,No,Day,Introverted,No,Planner,0.6
Libra,Virgo,No,Day,Introverted,Yes,Planner,0.65
Aquarius,Leo,No,Day,Introverted,Yes,Flow,0.6
Gemini,Aries,No,Night,Introverted,Yes,Flow,0.6
Libra,Gemini,No,Night,Extroverted,No,Flow,0.85
Pisces,Cancer,Yes,Day,Introverted,No,Planner,0.93
Scorpio,Pisces,Yes,Night,Introverted,No,Flow,1.0
Libra,Virgo,No,Night,Extroverted,No,Flow,0.6
Sagittarius,Scorpio,No,Day,Introverted,No,Flow,0.6
Cancer,Aquarius,No,Night,Introverted,No,Flow,0.6
Aries,Cancer,Yes,Night,Introverted,No,Flow,0.65
Taurus,Taurus,No,Night,Introverted,Yes,Planner,0.65
Leo,Taurus,Yes,Day,Introverted,Yes,Planner,0.7000000000000001
Taurus,Pisces,Yes,Night,Extroverted,No,Flow,0.7000000000000001
Leo,Cancer,No,Day,Introverted,No,Planner,0.6
Virgo,Aries,No,Night,Extroverted,Yes,Flow,0.65
Pisces,Aries,Yes,Night,Introverted,No,Flow,0.65
Libra,Leo,Yes,Night,Extroverted,Yes,Planner,0.7000000000000001
Leo,Aries,Yes,Day,Extroverted,No,Flow,1.0
Libra,Scorpio,Yes,Night,Extroverted,No,Flow,0.7000000000000001
Libra,Virgo,No,Day,Extroverted,No,Flow,0.6
Taurus,Leo,Yes,Night,Extroverted,Yes,Planner,0.7000000000000001
Capricorn,Sagittarius,No,Night,Extroverted,No,Planner,0.65
Capricorn,Pisces,No,Night,Introverted,No,Flow,0.65
Libra,Sagittarius,Yes,Night,Extroverted,No,Planner,0.7000000000000001
Leo,Pisces,No,Night,Introverted,No,Flow,0.65
Scorpio,Libra,Yes,Night,Introverted,No,Planner,0.65
Aquarius,Libra,No,Night,Extroverted,No,Planner,0.85
Leo,Sagittarius,No,Night,Extroverted,Yes,Planner,0.9500000000000001
Libra,Taurus,No,Day,Introverted,No,Flow,0.6
Libra,Taurus,No,Day,Extroverted,Yes,Planner,0.65
Aquarius,Cancer,No,Day,Introverted,Yes,Flow,0.6
Virgo,Aries,No,Day,Introverted,No,Flow,0.6
Cancer,Taurus,No,Day,Extroverted,No,Flow,0.6
Virgo,Pisces,No,Night,Introverted,No,Planner,0.65
Virgo,Capricorn,No,Night,Extroverted,No,Flow,0.6
Pisces,Scorpio,Yes,Day,Extroverted,No,Flow,0.9500000000000001
Libra,Capricorn,Yes,Day,Introverted,Yes,Flow,0.65
Taurus,Taurus,Yes,Day,Extroverted,Yes,Flow,0.65
Sagittarius,Pisces,No,Night,Extroverted,Yes,Planner,0.65
Leo,Cancer,No,Night,Introverted,No,Flow,0.6
Sagittarius,Gemini,Yes,Day,Extroverted,Yes,Flow,0.65
Sagittarius,Sagittarius,Yes,Night,Extroverted,Yes,Planner,0.7000000000000001
Pisces,Leo,No,Day,Extroverted,Yes,Flow,0.65
Aries,Capricorn,No,Day,Extroverted,No,Planner,0.65
Taurus,Scorpio,No,Night,Introverted,Yes,Flow,0.9
Libra,Capricorn,No,Night,Extroverted,Yes,Planner,0.65
Sagittarius,Taurus,No,Night,Extroverted,No,Flow,0.6
Cancer,Gemini,No,Night,Extroverted,No,Planner,0.6
Cancer,Taurus,No,Day,Extroverted,Yes,Flow,0.6
Virgo,Scorpio,No,Night,Introverted,Yes,Planner,0.65
Taurus,Leo,No,Day,Introverted,No,Flow,0.6
Virgo,Leo,No,Day,Introverted,No,Flow,0.6
Taurus,Pisces,Yes,Night,Extroverted,No,Flow,0.7000000000000001
Gemini,Sagittarius,Yes,Day,Introverted,Yes,Planner,0.65
Sagittarius,Taurus,No,Night,Extroverted,Yes,Flow,0.6
Sagittarius,Cancer,Yes,Night,Introverted,No,Planner,0.65
Sagittarius,Cancer,Yes,Night,Introverted,No,Flow,0.65
Aquarius,Aries,No,Night,Introverted,No,Flow,0.6
Capricorn,Pisces,No,Night,Introverted,No,Planner,0.65
Taurus,Cancer,No,Night,Extroverted,Yes,Flow,0.6
Sagittarius,Aries,Yes,Night,Extroverted,Yes,Planner,1.0
Taurus,Taurus,Yes,Night,Extroverted,Yes,Planner,0.7000000000000001
Aquarius,Virgo,No,Night,Introverted,Yes,Planner,0.65
Taurus,Sagittarius,No,Night,Introverted,No,Planner,0.6
Scorpio,Pisces,Yes,Night,Introverted,No,Flow,1.0
Libra,Virgo,Yes,Night,Extroverted,No,Flow,0.65
Virgo,Capricorn,Yes,Night,Introverted,Yes,Flow,0.65
Taurus,Libra,Yes,Night,Introverted,Yes,Planner,0.65
Virgo,Leo,Yes,Night,Introverted,Yes,Planner,0.65
Virgo,Aquarius,No,Night,Introverted,No,Planner,0.6
Sagittarius,Cancer,Yes,Day,Extroverted,No,Planner,0.65
Capricorn,Cancer,No,Day,Extroverted,No,Planner,0.6
Libra,Capricorn,No,Night,Extroverted,No,Planner,0.65
Aquarius,Aries,Yes,Day,Extroverted,No,Planner,0.7000000000000001
Aquarius,Gemini,Yes,Night,Extroverted,No,Planner,0.65
Pisces,Leo,Yes,Day,Extroverted,Yes,Planner,0.7000000000000001
Virgo,Pisces,Yes,Day,Introverted,Yes,Flow,0.65
Gemini,Sagittarius,Yes,Night,Extroverted,No,Flow,0.7000000000000001
Libra,Leo,No,Day,Extroverted,No,Planner,0.65
Scorpio,Leo,No,Day,Extroverted,No,Flow,0.65
Leo,Leo,No,Day,Extroverted,No,Flow,0.65
Sagittarius,Capricorn,Yes,Night,Extroverted,Yes,Flow,0.65
Libra,Pisces,No,Day,Introverted,No,Planner,0.6
Taurus,Pisces,No,Day,Introverted,No,Planner,0.6
Gemini,Libra,No,Day,Extroverted,No,Planner,0.85
Libra,Libra,No,Night,Introverted,No,Planner,0.6
Gemini,Sagittarius,Yes,Day,Extroverted,Yes,Planner,0.7000000000000001
Libra,Sagittarius,Yes,Night,Introverted,Yes,Flow,0.65
Capricorn,Taurus,Yes,Day,Extroverted,Yes,Planner,0.9500000000000001
Scorpio,Libra,No,Night,Introverted,Yes,Flow,0.6
Aries,Pisces,Yes,Night,Introverted,Yes,Planner,0.7000000000000001
Aquarius,Libra,No,Night,Extroverted,Yes,Flow,0.85
Libra,Taurus,No,Night,Introverted,Yes,Planner,0.65
Sagittarius,Leo,Yes,Day,Introverted,Yes,Flow,0.9500000000000001
Cancer,Virgo,Yes,Day,Introverted,Yes,Planner,0.7000000000000001
Libra,Aries,No,Day,Introverted,No,Planner,0.6
Cancer,Sagittarius,No,Night,Extroverted,Yes,Flow,0.65
Aries,Gemini,Yes,Day,Extroverted,No,Flow,0.65
Virgo,Leo,No,Day,Extroverted,No,Planner,0.65
Taurus,Taurus,No,Night,Introverted,No,Flow,0.6
Gemini,Sagittarius,No,Day,Extroverted,Yes,Flow,0.65
Sagittarius,Sagittarius,Yes,Day,Extroverted,Yes,Flow,0.7000000000000001
Leo,Leo,No,Day,Introverted,Yes,Flow,0.6
Cancer,Gemini,No,Day,Introverted,No,Planner,0.6
Sagittarius,Aries,Yes,Night,Extroverted,Yes,Flow,1.0
Aquarius,Pisces,Yes,Night,Introverted,No,Flow,0.7000000000000001
Scorpio,Capricorn,Yes,Day,Extroverted,No,Planner,0.7000000000000001
Taurus,Taurus,Yes,Day,Introverted,Yes,Flow,0.65
Libra,Gemini,Yes,Night,Introverted,No,Planner,0.9
Leo,Sagittarius,No,Night,Introverted,Yes,Planner,0.9
Capricorn,Virgo,Yes,Day,Introverted,Yes,Planner,0.7000000000000001
Aries,Virgo,No,Day,Extroverted,Yes,Planner,0.65
Virgo,Leo,No,Day,Introverted,No,Planner,0.6
Aquarius,Aries,Yes,Day,Extroverted,Yes,Planner,0.7000000000000001
Sagittarius,Virgo,No,Night,Extroverted,Yes,Flow,0.6
Virgo,Cancer,No,Day,Extroverted,No,Flow,0.6
Cancer,Leo,No,Day,Extroverted,No,Flow,0.65
Scorpio,Leo,No,Night,Introverted,Yes,Planner,0.6
Pisces,Sagittarius,Yes,Day,Introverted,Yes,Flow,0.65
Gemini,Capricorn,No,Day,Introverted,Yes,Flow,0.6
Gemini,Aries,Yes,Day,Extroverted,Yes,Flow,0.7000000000000001
Pisces,Taurus,No,Night,Extroverted,Yes,Planner,0.65
Leo,Gemini,No,Night,Extroverted,No,Flow,0.6
Taurus,Scorpio,Yes,Night,Introverted,No,Planner,0.9500000000000001
Aries,Cancer,Yes,Night,Introverted,Yes,Planner,0.65
Leo,Libra,No,Day,Introverted,No,Planner,0.6
Sagittarius,Sagittarius,No,Night,Extroverted,Yes,Planner,0.65
Virgo,Gemini,Yes,Day,Extroverted,Yes,Flow,0.65
Cancer,Taurus,Yes,Day,Introverted,No,Flow,0.65
Taurus,Aries,No,Night,Introverted,Yes,Flow,0.6
Pisces,Sagittarius,No,Night,Introverted,Yes,Flow,0.6
Sagittarius,Virgo,Yes,Day,Extroverted,Yes,Planner,0.7000000000000001
Capricorn,Libra,Yes,Day,Introverted,Yes,Flow,0.65
Leo,Aries,No,Night,Extroverted,Yes,Planner,0.9500000000000001
Cancer,Pisces,No,Day,Extroverted,No,Planner,0.88
Capricorn,Libra,Yes,Day,Introverted,No,Flow,0.65
Aquarius,Capricorn,No,Night,Introverted,Yes,Flow,0.6
Taurus,Cancer,Yes,Night,Introverted,No,Planner,0.65
Virgo,Pisces,Yes,Day,Introverted,No,Planner,0.65
Scorpio,Aries,No,Night,Introverted,Yes,Flow,0.6
Aries,Scorpio,Yes,Night,Introverted,Yes,Flow,0.7000000000000001
Sagittarius,Cancer,Yes,Day,Extroverted,No,Flow,0.65
Aquarius,Gemini,Yes,Day,Extroverted,No,Flow,0.65
Aquarius,Aquarius,No,Day,Introverted,Yes,Planner,0.6
Scorpio,Taurus,Yes,Day,Introverted,No,Flow,0.9
Aquarius,Capricorn,No,Day,Introverted,Yes,Flow,0.6
Scorpio,Scorpio,Yes,Night,Introverted,No,Planner,0.7000000000000001
Leo,Pisces,No,Day,Extroverted,Yes,Planner,0.6
Taurus,Scorpio,Yes,Day,Extroverted,No,Flow,0.9
Capricorn,Capricorn,Yes,Day,Introverted,No,Planner,0.7000000000000001
Libra,Taurus,Yes,Night,Introverted,Yes,Flow,0.65
Leo,Scorpio,Yes,Night,Extroverted,Yes,Flow,0.7000000000000001
Cancer,Cancer,Yes,Day,Extroverted,Yes,Flow,0.65
Taurus,Scorpio,Yes,Night,Introverted,No,Planner,0.9500000000000001
Capricorn,Taurus,No,Day,Extroverted,No,Planner,0.9
Capricorn,Sagittarius,Yes,Day,Extroverted,Yes,Flow,0.7000000000000001
Capricorn,Taurus,No,Day,Extroverted,No,Flow,0.85
Cancer,Pisces,Yes,Night,Introverted,No,Flow,0.9800000000000001
Leo,Aries,Yes,Night,Extroverted,Yes,Planner,1.0
Pisces,Gemini,No,Day,Extroverted,Yes,Planner,0.6
Pisces,Taurus,Yes,Night,Introverted,No,Flow,0.65
Sagittarius,Aries,No,Day,Extroverted,No,Flow,0.9500000000000001
Leo,Aquarius,Yes,Day,Extroverted,No,Planner,0.65
Taurus,Aquarius,No,Night,Introverted,Yes,Flow,0.6
Libra,Pisces,No,Night,Introverted,No,Flow,0.65
Cancer,Sagittarius,No,Day,Introverted,No,Planner,0.6
Sagittarius,Leo,Yes,Night,Introverted,No,Flow,0.9500000000000001
Sagittarius,Capricorn,No,Night,Introverted,No,Planner,0.65
Virgo,Taurus,No,Night,Introverted,No,Planner,0.9
Aries,Libra,No,Night,Extroverted,No,Flow,0.6
Scorpio,Scorpio,Yes,Night,Extroverted,No,Flow,0.7000000000000001
Taurus,Libra,No,Day,Introverted,No,Flow,0.6
Aries,Aquarius,Yes,Day,Extroverted,No,Planner,0.65
Cancer,Virgo,Yes,Night,Introverted,No,Planner,0.7000000000000001
Aquarius,Scorpio,Yes,Night,Introverted,No,Flow,0.7000000000000001
Capricorn,Scorpio,Yes,Night,Introverted,No,Planner,0.7000000000000001
Taurus,Gemini,No,Night,Introverted,Yes,Flow,0.6
Scorpio,Taurus,No,Day,Introverted,No,Flow,0.85
Aquarius,Capricorn,No,Day,Introverted,No,Flow,0.6
Aquarius,Aries,Yes,Night,Extroverted,No,Planner,0.7000000000000001
Sagittarius,Virgo,No,Day,Introverted,No,Flow,0.6
Virgo,Sagittarius,Yes,Day,Extroverted,No,Flow,0.7000000000000001
Sagittarius,Scorpio,Yes,Day,Extroverted,Yes,Planner,0.65
Aquarius,Virgo,No,Night,Extroverted,Yes,Planner,0.65
Sagittarius,Scorpio,No,Day,Introverted,No,Flow,0.6
Aquarius,Virgo,Yes,Day,Introverted,Yes,Flow,0.65
Cancer,Cancer,No,Day,Extroverted,Yes,Planner,0.6
Leo,Gemini,No,Day,Introverted,No,Flow,0.6
Taurus,Cancer,No,Night,Introverted,No,Planner,0.6
Leo,Virgo,Yes,Day,Extroverted,No,Flow,0.65
Pisces,Aquarius,No,Day,Introverted,Yes,Planner,0.6
Virgo,Gemini,No,Day,Extroverted,No,Planner,0.6
Pisces,Virgo,No,Day,Extroverted,Yes,Flow,0.6
Scorpio,Cancer,Yes,Day,Extroverted,Yes,Flow,0.9500000000000001
Cancer,Pisces,Yes,Night,Extroverted,Yes,Flow,0.9800000000000001
Gemini,Taurus,No,Night,Extroverted,No,Planner,0.65
Virgo,Pisces,Yes,Night,Introverted,No,Flow,0.7000000000000001
Scorpio,Pisces,No,Night,Introverted,No,Planner,0.9500000000000001
Pisces,Leo,No,Night,Introverted,No,Planner,0.6
Taurus,Capricorn,Yes,Day,Introverted,Yes,Planner,0.9500000000000001
Taurus,Virgo,No,Night,Extroverted,No,Flow,0.85
Virgo,Aquarius,No,Day,Extroverted,Yes,Flow,0.6
Leo,Libra,Yes,Night,Extroverted,Yes,Planner,0.65
Libra,Pisces,Yes,Day,Introverted,Yes,Planner,0.65
Aquarius,Sagittarius,Yes,Day,Introverted,Yes,Flow,0.65
Aries,Aries,Yes,Day,Extroverted,No,Flow,0.7000000000000001
Aries,Cancer,Yes,Day,Introverted,Yes,Flow,0.65
Aquarius,Cancer,Yes,Night,Extroverted,No,Flow,0.65
Aquarius,Scorpio,No,Day,Introverted,Yes,Flow,0.6
Scorpio,Pisces,No,Day,Introverted,No,Flow,0.9
Aquarius,Aries,No,Night,Extroverted,No,Planner,0.65
Libra,Capricorn,No,Night,Extroverted,Yes,Flow,0.6
Sagittarius,Pisces,No,Night,Introverted,Yes,Planner,0.65
Virgo,Leo,No,Day,Introverted,Yes,Flow,0.6
Sagittarius,Taurus,Yes,Day,Extroverted,No,Planner,0.7000000000000001
Leo,Pisces,No,Night,Introverted,Yes,Flow,0.65
Scorpio,Libra,Yes,Night,Extroverted,Yes,Planner,0.65
Sagittarius,Cancer,Yes,Night,Introverted,Yes,Planner,0.65
Libra,Scorpio,Yes,Day,Extroverted,Yes,Planner,0.65
Scorpio,Cancer,No,Day,Introverted,Yes,Flow,0.9
Gemini,Aries,No,Night,Extroverted,Yes,Planner,0.65
Capricorn,Virgo,Yes,Night,Extroverted,Yes,Planner,0.7000000000000001
Capricorn,Scorpio,Yes,Night,Extroverted,Yes,Planner,0.7000000000000001
Aquarius,Virgo,No,Day,Introverted,Yes,Planner,0.65
Libra,Pisces,No,Night,Extroverted,No,Planner,0.65
Scorpio,Gemini,Yes,Day,Introverted,No,Flow,0.65
Sagittarius,Libra,No,Day,Introverted,Yes,Flow,0.6
Cancer,Libra,Yes,Day,Introverted,Yes,Planner,0.65
Taurus,Scorpio,No,Night,Extroverted,No,Planner,0.9
Scorpio,Gemini,No,Night,Extroverted,No,Flow,0.6
Sagittarius,Capricorn,No,Night,Introverted,No,Planner,0.65
Cancer,Aquarius,Yes,Night,Introverted,Yes,Flow,0.65
Virgo,Sagittarius,Yes,Day,Introverted,No,Planner,0.65
Sagittarius,Libra,No,Night,Introverted,Yes,Flow,0.6
Aquarius,Taurus,Yes,Day,Introverted,Yes,Planner,0.7000000000000001
Libra,Capricorn,No,Day,Extroverted,No,Planner,0.65
Sagittarius,Aquarius,Yes,Night,Extroverted,Yes,Planner,0.65
Capricorn,Virgo,Yes,Day,Introverted,No,Planner,0.7000000000000001
Taurus,Cancer,No,Night,Extroverted,Yes,Flow,0.6
Taurus,Aquarius,No,Night,Extroverted,Yes,Planner,0.6
Leo,Cancer,No,Night,Extroverted,No,Planner,0.6
Leo,Virgo,No,Day,Introverted,Yes,Planner,0.65
Gemini,Gemini,No,Night,Extroverted,No,Flow,0.6
Cancer,Gemini,No,Day,Extroverted,No,Flow,0.6
Aries,Leo,No,Day,Extroverted,Yes,Flow,0.9500000000000001
Virgo,Aries,No,Night,Extroverted,Yes,Planner,0.65
Taurus,Libra,No,Night,Extroverted,No,Flow,0.6
Pisces,Cancer,Yes,Day,Introverted,No,Planner,0.93
Scorpio,Aquarius,No,Day,Introverted,No,Flow,0.6
Leo,Pisces,Yes,Day,Introverted,No,Flow,0.65
Sagittarius,Sagittarius,Yes,Day,Introverted,Yes,Flow,0.65
Taurus,Sagittarius,No,Night,Extroverted,No,Flow,0.65
Capricorn,Capricorn,No,Night,Extroverted,No,Flow,0.6
Aquarius,Leo,Yes,Day,Introverted,Yes,Planner,0.65
Sagittarius,Capricorn,No,Day,Extroverted,No,Flow,0.6
Cancer,Libra,No,Day,Introverted,Yes,Flow,0.6
Gemini,Pisces,Yes,Day,Extroverted,Yes,Planner,0.65
Leo,Aries,Yes,Day,Extroverted,Yes,Flow,1.0
Cancer,Aries,Yes,Night,Extroverted,Yes,Planner,0.7000000000000001
Sagittarius,Scorpio,No,Day,Introverted,Yes,Planner,0.6
Leo,Scorpio,No,Day,Extroverted,Yes,Planner,0.6
Gemini,Gemini,Yes,Night,Extroverted,No,Flow,0.65
Scorpio,Sagittarius,No,Day,Extroverted,Yes,Planner,0.65
Virgo,Leo,No,Day,Introverted,Yes,Planner,0.6
Aries,Virgo,Yes,Night,Extroverted,No,Planner,0.7000000000000001
Libra,Cancer,Yes,Day,Introverted,No,Planner,0.65
Capricorn,Capricorn,No,Day,Introverted,No,Planner,0.65
Leo,Pisces,No,Day,Introverted,Yes,Flow,0.6
Pisces,Capricorn,Yes,Night,Introverted,No,Planner,0.7000000000000001
Cancer,Scorpio,No,Day,Introverted,Yes,Planner,0.9
Aquarius,Scorpio,No,Night,Extroverted,No,Planner,0.65
Aquarius,Taurus,Yes,Day,Introverted,No,Planner,0.7000000000000001
Cancer,Gemini,Yes,Night,Introverted,Yes,Planner,0.65
Pisces,Libra,No,Day,Introverted,Yes,Planner,0.6
Taurus,Capricorn,Yes,Day,Introverted,Yes,Flow,0.9
Taurus,Scorpio,No,Night,Extroverted,No,Flow,0.9
Scorpio,Taurus,No,Day,Extroverted,Yes,Planner,0.9
Sagittarius,Virgo,No,Day,Introverted,Yes,Flow,0.6
Scorpio,Capricorn,Yes,Night,Introverted,No,Flow,0.65
Scorpio,Scorpio,No,Day,Introverted,Yes,Planner,0.6
Pisces,Scorpio,No,Night,Introverted,Yes,Planner,0.9500000000000001
Taurus,Pisces,No,Day,Extroverted,Yes,Flow,0.6
Aries,Capricorn,Yes,Night,Extroverted,No,Planner,0.7000000000000001
Pisces,Pisces,Yes,Day,Introverted,Yes,Planner,0.65
Cancer,Aquarius,No,Day,Introverted,No,Planner,0.6
Leo,Cancer,Yes,Day,Introverted,No,Flow,0.65
Aries,Libra,Yes,Day,Introverted,No,Planner,0.65
Cancer,Cancer,Yes,Night,Introverted,No,Planner,0.65
Sagittarius,Virgo,No,Night,Introverted,Yes,Planner,0.65
Pisces,Scorpio,No,Day,Introverted,Yes,Flow,0.9
Pisces,Scorpio,Yes,Night,Introverted,No,Flow,1.0
Gemini,Libra,Yes,Day,Introverted,Yes,Flow,0.9
Leo,Aquarius,No,Day,Introverted,Yes,Flow,0.6
Sagittarius,Gemini,Yes,Day,Extroverted,Yes,Flow,0.65
Virgo,Taurus,Yes,Night,Extroverted,Yes,Flow,0.9
Scorpio,Aquarius,Yes,Day,Extroverted,Yes,Flow,0.65
Capricorn,Capricorn,No,Day,Introverted,Yes,Planner,0.65
Leo,Scorpio,Yes,Night,Introverted,No,Planner,0.7000000000000001
Taurus,Gemini,Yes,Night,Extroverted,Yes,Planner,0.65
Aries,Libra,Yes,Night,Introverted,No,Flow,0.65
Virgo,Capricorn,Yes,Day,Extroverted,No,Flow,0.65
Sagittarius,Cancer,Yes,Night,Introverted,No,Flow,0.65
Taurus,Leo,No,Day,Introverted,No,Planner,0.6
Aries,Scorpio,Yes,Night,Introverted,Yes,Planner,0.7000000000000001
Cancer,Leo,No,Day,Extroverted,Yes,Flow,0.65
Pisces,Sagittarius,Yes,Day,Extroverted,Yes,Flow,0.7000000000000001
Gemini,Aquarius,No,Day,Extroverted,Yes,Flow,0.6
Sagittarius,Libra,No,Night,Extroverted,No,Planner,0.6
Aquarius,Taurus,No,Night,Extroverted,Yes,Planner,0.65
Pisces,Taurus,No,Night,Extroverted,Yes,Planner,0.65
Virgo,Gemini,No,Day,Introverted,No,Planner,0.6
Virgo,Pisces,No,Night,Introverted,No,Planner,0.65
Cancer,Virgo,Yes,Night,Introverted,Yes,Planner,0.7000000000000001
Aquarius,Aquarius,Yes,Night,Extroverted,Yes,Flow,0.65
Cancer,Aries,No,Night,Extroverted,Yes,Flow,0.65
Capricorn,Sagittarius,No,Day,Introverted,No,Flow,0.6
Virgo,Pisces,No,Day,Introverted,No,Flow,0.6
Leo,Cancer,Yes,Day,Introverted,No,Planner,0.65
Taurus,Sagittarius,No,Night,Introverted,No,Planner,0.6
Scorpio,Taurus,No,Night,Introverted,Yes,Flow,0.85
Gemini,Gemini,No,Day,Introverted,Yes,Planner,0.6
Capricorn,Libra,No,Night,Introverted,Yes,Planner,0.6
Taurus,Capricorn,No,Night,Extroverted,Yes,Flow,0.85
Capricorn,Leo,No,Night,Extroverted,Yes,Planner,0.65
Libra,Virgo,No,Day,Extroverted,No,Planner,0.65
Scorpio,Sagittarius,No,Night,Extroverted,Yes,Planner,0.65
Libra,Taurus,No,Day,Extroverted,Yes,Flow,0.6
Capricorn,Virgo,No,Day,Extroverted,No,Planner,0.65
Sagittarius,Libra,Yes,Night,Extroverted,No,Flow,0.65
Aries,Aries,Yes,Night,Introverted,Yes,Flow,0.65
Pisces,Cancer,Yes,Day,Extroverted,No,Planner,0.93
Leo,Leo,Yes,Day,Introverted,Yes,Flow,0.65
Leo,Scorpio,No,Night,Extroverted,Yes,Flow,0.65
Cancer,Aries,Yes,Day,Extroverted,Yes,Planner,0.7000000000000001
Capricorn,Cancer,Yes,Day,Extroverted,Yes,Flow,0.65
Scorpio,Aries,No,Night,Extroverted,No,Planner,0.65
Gemini,Pisces,No,Night,Extroverted,No,Flow,0.65
Taurus,Taurus,No,Day,Extroverted,No,Planner,0.65
Taurus,Aries,No,Night,Extroverted,Yes,Flow,0.65
Taurus,Pisces,No,Night,Introverted,Yes,Planner,0.65
Gemini,Libra,Yes,Day,Extroverted,No,Flow,0.9
Leo,Aquarius,Yes,Night,Extroverted,Yes,Flow,0.65
Cancer,Libra,No,Day,Extroverted,Yes,Planner,0.6
Sagittarius,Libra,Yes,Night,Extroverted,Yes,Flow,0.65
Libra,Virgo,No,Night,Introverted,No,Flow,0.6
Sagittarius,Taurus,Yes,Night,Extroverted,Yes,Flow,0.65
Capricorn,Sagittarius,No,Night,Introverted,Yes,Flow,0.6
Virgo,Gemini,No,Night,Introverted,No,Flow,0.6
Cancer,Gemini,No,Night,Extroverted,No,Planner,0.6
Leo,Cancer,Yes,Day,Extroverted,No,Flow,0.65
Virgo,Sagittarius,No,Night,Introverted,Yes,Flow,0.6
Virgo,Aquarius,No,Day,Introverted,No,Flow,0.6
Pisces,Sagittarius,No,Day,Introverted,Yes,Flow,0.6
Aries,Virgo,No,Night,Extroverted,Yes,Planner,0.65
Cancer,Scorpio,No,Day,Extroverted,No,Planner,0.9
Leo,Pisces,No,Night,Extroverted,No,Planner,0.65
Gemini,Cancer,Yes,Day,Extroverted,No,Planner,0.65
Aquarius,Sagittarius,No,Day,Extroverted,Yes,Planner,0.65
Taurus,Pisces,Yes,Night,Extroverted,Yes,Planner,0.7000000000000001
Pisces,Scorpio,No,Day,Extroverted,No,Planner,0.9
Libra,Leo,No,Night,Introverted,Yes,Planner,0.6
Sagittarius,Cancer,Yes,Night,Extroverted,No,Planner,0.65
Gemini,Aries,No,Night,Introverted,No,Flow,0.6
Gemini,Libra,No,Night,Extroverted,Yes,Planner,0.85
Virgo,Taurus,Yes,Day,Introverted,Yes,Planner,0.9500000000000001
Scorpio,Scorpio,No,Day,Introverted,No,Planner,0.6
Sagittarius,Aquarius,Yes,Day,Extroverted,Yes,Planner,0.65
Capricorn,Capricorn,No,Day,Introverted,Yes,Flow,0.6
Sagittarius,Aquarius,No,Day,Extroverted,Yes,Flow,0.6
Sagittarius,Scorpio,No,Night,Introverted,No,Planner,0.65
Libra,Sagittarius,No,Day,Introverted,No,Planner,0.6
Leo,Libra,No,Day,Introverted,Yes,Flow,0.6
Cancer,Leo,No,Day,Introverted,No,Flow,0.6
Pisces,Pisces,Yes,Night,Introverted,Yes,Flow,0.7000000000000001
Capricorn,Cancer,No,Night,Extroverted,Yes,Planner,0.6
Gemini,Pisces,Yes,Day,Introverted,Yes,Planner,0.65
Virgo,Libra,No,Night,Extroverted,Yes,Planner,0.6
Pisces,Libra,Yes,Day,Extroverted,Yes,Planner,0.65
Libra,Pisces,Yes,Day,Introverted,Yes,Flow,0.65
Capricorn,Leo,Yes,Night,Introverted,Yes,Flow,0.65
Scorpio,Taurus,Yes,Night,Extroverted,Yes,Flow,0.9
Virgo,Scorpio,Yes,Night,Extroverted,Yes,Flow,0.7000000000000001
Pisces,Taurus,No,Night,Introverted,No,Flow,0.6
Libra,Leo,No,Day,Extroverted,No,Flow,0.65
Pisces,Pisces,Yes,Day,Introverted,No,Planner,0.65
Capricorn,Cancer,No,Day,Introverted,Yes,Planner,0.6
Gemini,Sagittarius,No,Day,Extroverted,Yes,Flow,0.65
Leo,Gemini,No,Night,Extroverted,Yes,Flow,0.6
Sagittarius,Sagittarius,Yes,Night,Extroverted,No,Flow,0.7000000000000001
Scorpio,Capricorn,Yes,Night,Introverted,No,Flow,0.65
Aries,Capricorn,Yes,Day,Extroverted,No,Planner,0.7000000000000001
Cancer,Scorpio,No,Day,Introverted,Yes,Planner,0.9
Leo,Virgo,Yes,Night,Extroverted,No,Flow,0.65
Virgo,Virgo,No,Day,Extroverted,No,Planner,0.65
Sagittarius,Pisces,No,Day,Extroverted,Yes,Flow,0.6
Sagittarius,Leo,No,Day,Introverted,No,Planner,0.9
Leo,Leo,Yes,Night,Introverted,No,Flow,0.65
Cancer,Aries,Yes,Night,Introverted,Yes,Planner,0.65
Aquarius,Taurus,Yes,Day,Extroverted,No,Flow,0.65
Cancer,Libra,Yes,Night,Extroverted,No,Flow,0.65
Pisces,Cancer,Yes,Night,Extroverted,No,Planner,0.93
Scorpio,Taurus,Yes,Day,Extroverted,Yes,Flow,0.9
Virgo,Libra,Yes,Day,Introverted,Yes,Flow,0.65
Aquarius,Sagittarius,Yes,Day,Extroverted,No,Flow,0.7000000000000001
Scorpio,Aquarius,Yes,Day,Extroverted,Yes,Planner,0.65
Libra,Capricorn,No,Day,Introverted,No,Flow,0.6
Gemini,Pisces,Yes,Night,Extroverted,No,Planner,0.7000000000000001
Cancer,Leo,No,Day,Extroverted,Yes,Planner,0.65
Aries,Cancer,Yes,Day,Introverted,Yes,Flow,0.65
Gemini,Leo,No,Night,Introverted,No,Flow,0.6
Scorpio,Libra,No,Day,Introverted,Yes,Planner,0.6
Cancer,Libra,No,Night,Extroverted,No,Planner,0.6
Leo,Cancer,Yes,Day,Introverted,Yes,Flow,0.65
Aries,Virgo,No,Night,Extroverted,No,Flow,0.6
Gemini,Capricorn,No,Day,Introverted,No,Flow,0.6
Virgo,Capricorn,No,Day,Introverted,Yes,Flow,0.6
